{
  "id": "",
  "name": "",
  "font_family": "iconfont",
  "css_prefix_text": "icon-",
  "description": "",
  "glyphs": [
    {
      "icon_id": "584067",
      "name": "书册中心",
      "font_class": "085shucezhongxin",
      "unicode": "e65a",
      "unicode_decimal": 58970
    },
    {
      "icon_id": "802969",
      "name": "楼房",
      "font_class": "loufang",
      "unicode": "e64f",
      "unicode_decimal": 58959
    },
    {
      "icon_id": "1983835",
      "name": "中国地图",
      "font_class": "zhongguoditu",
      "unicode": "e62e",
      "unicode_decimal": 58926
    },
    {
      "icon_id": "3248701",
      "name": "数据",
      "font_class": "shuju",
      "unicode": "e527",
      "unicode_decimal": 58663
    },
    {
      "icon_id": "3878658",
      "name": "数据",
      "font_class": "data",
      "unicode": "e611",
      "unicode_decimal": 58897
    },
    {
      "icon_id": "5206117",
      "name": "订单",
      "font_class": "icon",
      "unicode": "e612",
      "unicode_decimal": 58898
    },
    {
      "icon_id": "5649617",
      "name": "书本册",
      "font_class": "shubence",
      "unicode": "e64e",
      "unicode_decimal": 58958
    },
    {
      "icon_id": "6901607",
      "name": "楼房",
      "font_class": "loufang1",
      "unicode": "e62f",
      "unicode_decimal": 58927
    },
    {
      "icon_id": "7171183",
      "name": "日志管理",
      "font_class": "rizhiguanli",
      "unicode": "e62a",
      "unicode_decimal": 58922
    },
    {
      "icon_id": "7274105",
      "name": "人员管理",
      "font_class": "renyuanguanli",
      "unicode": "e621",
      "unicode_decimal": 58913
    },
    {
      "icon_id": "8314480",
      "name": "日志 操作记录",
      "font_class": "wulianwang-",
      "unicode": "e60a",
      "unicode_decimal": 58890
    },
    {
      "icon_id": "10454837",
      "name": "人员管理",
      "font_class": "renyuanguanli1",
      "unicode": "e636",
      "unicode_decimal": 58934
    },
    {
      "icon_id": "10487461",
      "name": "加油站",
      "font_class": "jiayouzhan",
      "unicode": "e68d",
      "unicode_decimal": 59021
    },
    {
      "icon_id": "10883862",
      "name": "地图",
      "font_class": "ditu",
      "unicode": "e8bc",
      "unicode_decimal": 59580
    },
    {
      "icon_id": "11174090",
      "name": "饼状图",
      "font_class": "bingzhuangtu",
      "unicode": "e61f",
      "unicode_decimal": 58911
    },
    {
      "icon_id": "15282616",
      "name": "饼状图",
      "font_class": "bingzhuangtu1",
      "unicode": "e6b9",
      "unicode_decimal": 59065
    },
    {
      "icon_id": "15282731",
      "name": "加油站-2",
      "font_class": "jiayouzhan-2",
      "unicode": "e6cf",
      "unicode_decimal": 59087
    },
    {
      "icon_id": "15631427",
      "name": "关于我们",
      "font_class": "guanyuwomen",
      "unicode": "e629",
      "unicode_decimal": 58921
    },
    {
      "icon_id": "15984086",
      "name": "关于我们",
      "font_class": "guanyuwomen1",
      "unicode": "e511",
      "unicode_decimal": 58641
    }
  ]
}
